{
    "metrics": {
        "http_req_waiting": {
            "med": 2.838464,
            "max": 262.849646,
            "p(90)": 24.148781899999996,
            "p(95)": 37.267577999999986,
            "avg": 8.248884282547538,
            "min": 0.043291
        },
        "http_req_connecting": {
            "min": 0,
            "med": 0,
            "max": 122.31872,
            "p(90)": 0,
            "p(95)": 0,
            "avg": 0.009334661466243534
        },
        "http_req_failed": {
            "passes": 0,
            "fails": 3132822,
            "value": 0
        },
        "data_sent": {
            "count": 231828828,
            "rate": 3561225.9867142676
        },
        "iteration_duration": {
            "avg": 124.07259843716497,
            "min": 100.084487,
            "med": 110.44531,
            "max": 407.316409,
            "p(90)": 158.6840019,
            "p(95)": 199.46323644999987
        },
        "http_req_duration": {
            "min": 0.054932,
            "med": 2.995286,
            "max": 262.923464,
            "p(90)": 24.797683899999996,
            "p(95)": 38.410842499999966,
            "avg": 8.629741854387143
        },
        "http_req_duration{expected_response:true}": {
            "avg": 8.629741854387143,
            "min": 0.054932,
            "med": 2.995286,
            "max": 262.923464,
            "p(90)": 24.797683899999996,
            "p(95)": 38.410842499999966
        },
        "http_req_sending": {
            "max": 204.771522,
            "p(90)": 0.139079,
            "p(95)": 0.478631,
            "avg": 0.246624685742464,
            "min": 0.002935,
            "med": 0.007785
        },
        "vus": {
            "value": 448,
            "min": 204,
            "max": 11944
        },
        "http_req_blocked": {
            "avg": 0.016542828556163503,
            "min": 0.001072,
            "med": 0.003337,
            "max": 175.329922,
            "p(90)": 0.004809,
            "p(95)": 0.005781
        },
        "iterations": {
            "count": 3132822,
            "rate": 48124.67549613875
        },
        "data_received": {
            "count": 510649986,
            "rate": 7844322.105870616
        },
        "http_req_tls_handshaking": {
            "med": 0,
            "max": 0,
            "p(90)": 0,
            "p(95)": 0,
            "avg": 0,
            "min": 0
        },
        "http_req_receiving": {
            "max": 200.266956,
            "p(90)": 0.038712,
            "p(95)": 0.143697,
            "avg": 0.13423288609680445,
            "min": 0.003647,
            "med": 0.017924
        },
        "checks": {
            "passes": 3132822,
            "fails": 0,
            "value": 1
        },
        "vus_max": {
            "min": 12000,
            "max": 12000,
            "value": 12000
        },
        "http_reqs": {
            "rate": 48124.67549613875,
            "count": 3132822
        }
    },
    "root_group": {
        "id": "d41d8cd98f00b204e9800998ecf8427e",
        "groups": {},
        "checks": {
                "ping success": {
                    "path": "::ping success",
                    "id": "ece6b158ee0d57c0b3efdfbd52649de1",
                    "passes": 3132822,
                    "fails": 0,
                    "name": "ping success"
                }
            },
        "name": "",
        "path": ""
    }
}