{
    "root_group": {
        "groups": {},
        "checks": {
                "ping success": {
                    "passes": 2999978,
                    "fails": 0,
                    "name": "ping success",
                    "path": "::ping success",
                    "id": "ece6b158ee0d57c0b3efdfbd52649de1"
                }
            },
        "name": "",
        "path": "",
        "id": "d41d8cd98f00b204e9800998ecf8427e"
    },
    "metrics": {
        "http_req_blocked": {
            "avg": 0.02099256711281974,
            "min": 0.001283,
            "med": 0.003376,
            "max": 205.750565,
            "p(90)": 0.004819,
            "p(95)": 0.005781
        },
        "data_sent": {
            "count": 221998372,
            "rate": 3409884.0583028877
        },
        "http_req_tls_handshaking": {
            "med": 0,
            "max": 0,
            "p(90)": 0,
            "p(95)": 0,
            "avg": 0,
            "min": 0
        },
        "http_req_duration": {
            "p(90)": 61.74540070000001,
            "p(95)": 78.07714899999999,
            "avg": 26.969885240797847,
            "min": 0.051707,
            "med": 17.813689,
            "max": 1024.586399
        },
        "vus_max": {
            "max": 12000,
            "value": 12000,
            "min": 12000
        },
        "http_req_waiting": {
            "avg": 26.576105859426583,
            "min": 0.042389,
            "med": 17.5374945,
            "max": 1024.50677,
            "p(90)": 61.3034183,
            "p(95)": 76.86799299999998
        },
        "http_req_receiving": {
            "avg": 0.17057391960464607,
            "min": 0.003857,
            "med": 0.018925,
            "max": 196.879409,
            "p(90)": 0.042599,
            "p(95)": 0.140902
        },
        "http_req_duration{expected_response:true}": {
            "p(95)": 78.07714899999999,
            "avg": 26.969885240797847,
            "min": 0.051707,
            "med": 17.813689,
            "max": 1024.586399,
            "p(90)": 61.74540070000001
        },
        "http_req_failed": {
            "passes": 0,
            "fails": 2999978,
            "value": 0
        },
        "iterations": {
            "count": 2999978,
            "rate": 46079.51430139038
        },
        "checks": {
            "passes": 2999978,
            "fails": 0,
            "value": 1
        },
        "iteration_duration": {
            "max": 1171.610012,
            "p(90)": 177.15392400000002,
            "p(95)": 228.376703,
            "avg": 137.35694004453381,
            "min": 100.088794,
            "med": 124.25894249999999
        },
        "http_req_connecting": {
            "min": 0,
            "med": 0,
            "max": 173.67451,
            "p(90)": 0,
            "p(95)": 0,
            "avg": 0.014577905742308786
        },
        "data_received": {
            "count": 494996370,
            "rate": 7603119.859729412
        },
        "http_req_sending": {
            "min": 0.003026,
            "med": 0.007815,
            "max": 178.770306,
            "p(90)": 0.074599,
            "p(95)": 0.193289,
            "avg": 0.2232054617674458
        },
        "http_reqs": {
            "count": 2999978,
            "rate": 46079.51430139038
        },
        "vus": {
            "value": 459,
            "min": 201,
            "max": 11943
        }
    }
}