{
    "metrics": {
        "data_sent": {
            "count": 58479020,
            "rate": 484970.7577297812
        },
        "http_req_waiting": {
            "min": 0.06439,
            "med": 2.4456154999999997,
            "max": 26643.619444,
            "p(90)": 4891.142954900001,
            "p(95)": 7699.86122465,
            "avg": 1361.2632967208056
        },
        "checks": {
            "passes": 377281,
            "fails": 3,
            "value": 0.9999920484303602
        },
        "http_req_blocked": {
            "avg": 0.009745193930832065,
            "min": 0.000461,
            "med": 0.003165,
            "max": 22.989076,
            "p(90)": 0.005821,
            "p(95)": 0.007324
        },
        "vus": {
            "value": 205,
            "min": 125,
            "max": 10000
        },
        "http_req_duration": {
            "avg": 1361.3075544355236,
            "min": 0.076673,
            "med": 2.4943419999999996,
            "max": 26643.641476,
            "p(90)": 4891.237607100002,
            "p(95)": 7699.8948392
        },
        "http_req_sending": {
            "avg": 0.012058545363705155,
            "min": 0.002104,
            "med": 0.008776,
            "max": 8.107303,
            "p(90)": 0.018846,
            "p(95)": 0.02711864999999979
        },
        "http_req_duration{expected_response:true}": {
            "avg": 1361.3182637880786,
            "min": 0.076673,
            "med": 2.494226,
            "max": 26643.641476,
            "p(90)": 4891.294569,
            "p(95)": 7699.896176
        },
        "iteration_duration": {
            "max": 27644.45254,
            "p(90)": 8754.309485799997,
            "p(95)": 11061.621580449997,
            "avg": 3723.1060234940614,
            "min": 1001.890525,
            "med": 2381.899836
        },
        "http_req_failed": {
            "passes": 3,
            "fails": 377281,
            "value": 0.000007951569639846905
        },
        "http_req_tls_handshaking": {
            "min": 0,
            "med": 0,
            "max": 0,
            "p(90)": 0,
            "p(95)": 0,
            "avg": 0
        },
        "vus_max": {
            "value": 10000,
            "min": 10000,
            "max": 10000
        },
        "http_reqs": {
            "count": 377284,
            "rate": 3128.843598256653
        },
        "http_req_connecting": {
            "p(95)": 0,
            "avg": 0.004774066345246555,
            "min": 0,
            "med": 0,
            "max": 22.944993,
            "p(90)": 0
        },
        "iterations": {
            "count": 188642,
            "rate": 1564.4217991283265
        },
        "data_received": {
            "count": 634884912,
            "rate": 5265146.660184207
        },
        "http_req_receiving": {
            "p(95)": 0.05964964999999979,
            "avg": 0.03219916934722943,
            "min": 0.003467,
            "med": 0.027241,
            "max": 10.060291,
            "p(90)": 0.050464
        }
    },
    "root_group": {
        "name": "",
        "path": "",
        "id": "d41d8cd98f00b204e9800998ecf8427e",
        "groups": {},
        "checks": {
                "create post success": {
                    "name": "create post success",
                    "path": "::create post success",
                    "id": "d722ea08f9fba0737a7f642b10fbf2c0",
                    "passes": 188639,
                    "fails": 3
                },
                "list posts success": {
                    "path": "::list posts success",
                    "id": "c700a6369aa938f16ad3138eb9a29645",
                    "passes": 188642,
                    "fails": 0,
                    "name": "list posts success"
                }
            }
    }
}