{
    "root_group": {
        "name": "",
        "path": "",
        "id": "d41d8cd98f00b204e9800998ecf8427e",
        "groups": {},
        "checks": {
                "login success": {
                    "name": "login success",
                    "path": "::login success",
                    "id": "5e9145e3435397cfb51ed9c3151ba755",
                    "passes": 10075,
                    "fails": 5379
                },
                "list posts success": {
                    "name": "list posts success",
                    "path": "::list posts success",
                    "id": "c700a6369aa938f16ad3138eb9a29645",
                    "passes": 8754,
                    "fails": 1150
                }
            }
    },
    "metrics": {
        "vus_max": {
            "value": 5000,
            "min": 5000,
            "max": 5000
        },
        "data_sent": {
            "rate": 19657.229700091717,
            "count": 4128150
        },
        "iterations": {
            "count": 15251,
            "rate": 72.62149150493534
        },
        "vus": {
            "value": 12,
            "min": 12,
            "max": 5000
        },
        "http_req_duration{expected_response:true}": {
            "max": 59981.566921,
            "p(90)": 38351.61650460001,
            "p(95)": 47826.40813059998,
            "avg": 11945.728542891957,
            "min": 30.285804,
            "med": 3062.290545
        },
        "http_reqs": {
            "count": 25358,
            "rate": 120.74852675773064
        },
        "http_req_sending": {
            "min": 0.002504,
            "med": 0.0105045,
            "max": 1.959674,
            "p(90)": 0.043091,
            "p(95)": 0.061513499999999714,
            "avg": 0.019859193982175203
        },
        "iteration_duration": {
            "avg": 40611.540606111266,
            "min": 1114.141768,
            "med": 46434.819602,
            "max": 120764.378954,
            "p(90)": 60001.404968,
            "p(95)": 73708.5224935
        },
        "http_req_connecting": {
            "avg": 0.038864925861660855,
            "min": 0,
            "med": 0,
            "max": 18.284649,
            "p(90)": 0.114734,
            "p(95)": 0.16149249999999998
        },
        "data_received": {
            "count": 30182523,
            "rate": 143721.7125199669
        },
        "http_req_failed": {
            "passes": 6529,
            "fails": 18829,
            "value": 0.25747298682861425
        },
        "http_req_blocked": {
            "avg": 0.054006685937376994,
            "min": 0.000671,
            "med": 0.003677,
            "max": 18.346495,
            "p(90)": 0.161261,
            "p(95)": 0.2194958499999999
        },
        "checks": {
            "fails": 6529,
            "passes": 18829,
            "value": 0.7425270131713858
        },
        "http_req_duration": {
            "p(95)": 60000.8474736,
            "avg": 24318.540184404632,
            "min": 30.285804,
            "med": 12885.3053815,
            "max": 60004.567472,
            "p(90)": 60000.634591
        },
        "http_req_waiting": {
            "max": 60004.530012,
            "p(90)": 60000.6119037,
            "p(95)": 60000.827381999996,
            "avg": 24318.49580392552,
            "min": 30.251289,
            "med": 12885.2466125
        },
        "http_req_receiving": {
            "med": 0.023825,
            "max": 0.338712,
            "p(90)": 0.048390300000000004,
            "p(95)": 0.06536649999999994,
            "avg": 0.024521285117122815,
            "min": 0
        },
        "http_req_tls_handshaking": {
            "min": 0,
            "med": 0,
            "max": 0,
            "p(90)": 0,
            "p(95)": 0,
            "avg": 0
        }
    }
}